scholarship_name,organization,amount,application_deadline,eligibility_requirements,branch_specific,education_level,award_type,renewable,contact_email,website,notes
Pat Tillman Foundation Scholarship,Pat Tillman Foundation,"$10,000",March 1,"Active-duty, veterans, spouses",All Branches,Undergraduate/Graduate,Merit-based,Yes,scholars@pattillmanfoundation.org,https://www.pattillmanfoundation.org,"Leadership focus, service commitment"
AMVETS National Scholarship,AMVETS,"$4,000",April 15,"Veterans, active-duty, dependents",All Branches,Undergraduate,Merit-based,No,amvets@amvets.org,https://www.amvets.org/scholarships,"Financial need considered"
VFW Sport Clips Help A Hero Scholarship,VFW,"$5,000",April 30,"Service-connected disabled veterans",All Branches,Undergraduate/Graduate,Need-based,No,info@vfw.org,https://www.vfw.org/assistance/student-veterans-support,"For disabled veterans only"
American Legion Legacy Scholarship,American Legion,"$20,000",April 15,"Children of post-9/11 fallen service members",All Branches,Undergraduate,Merit-based,Yes,scholarships@legion.org,https://www.legion.org/scholarships,"Gold Star families"
Fisher House Scholarship for Military Children,Fisher House Foundation,"$2,000",February 15,"Dependent children of active-duty, reserve",All Branches,Undergraduate,Merit-based,No,scholarships@fisherhouse.org,https://www.militaryscholar.org,"CommissaryID required"
Marine Corps Scholarship Foundation,MCSF,"$10,000",March 1,"Children of Marines, Navy Corpsmen",Marine Corps/Navy,Undergraduate,Need-based,Yes,scholars@mcsf.org,https://www.mcsf.org,"Largest Marine scholarship program"
Army Women's Foundation Legacy Scholarship,Army Women's Foundation,"$2,500",March 31,"Women veterans, Army service members",Army,Undergraduate/Graduate,Merit-based,No,info@awfdn.org,https://www.awfdn.org/scholarships,"Women veterans only"
Navy-Marine Corps Relief Society Education Assistance,NMCRS,"$3,000",May 1,"Active-duty Navy, Marine Corps, dependents",Navy/Marine Corps,Undergraduate,Need-based,Yes,education@nmcrs.org,https://www.nmcrs.org/education-loans-and-scholarships,"Interest-free loans also available"
Air Force Aid Society General Henry H. Arnold Education Grant,AFAS,"$2,000",April 30,"Dependent children of Air Force members",Air Force,Undergraduate,Need-based,Yes,ed@afas-hq.org,https://www.afas.org/how-we-help/education-support,"Must be selected child"
Coast Guard Foundation Scholarship,Coast Guard Foundation,"$5,000",March 15,"Coast Guard members and dependents",Coast Guard,Undergraduate/Graduate,Merit-based,No,info@coastguardfoundation.org,https://www.coastguardfoundation.org,"Strong academic record required"
Tailhook Educational Foundation Scholarship,Tailhook Association,"$15,000",March 1,"Naval aviators and dependents",Navy,Undergraduate/Graduate,Merit-based,Yes,thookassn@aol.com,https://www.tailhook.net,"Naval aviation focus"
Society of American Military Engineers Scholarship,SAME,"$10,000",May 1,"Veterans pursuing engineering degrees",All Branches,Undergraduate/Graduate,Merit-based,No,editor@same.org,https://www.same.org/Get-Involved/Scholarships,"Engineering majors only"
Military Officers Association Scholarship,MOAA,"$5,000",March 1,"Children of MOAA members, uniformed services",All Branches,Undergraduate,Merit-based,Yes,edassist@moaa.org,https://www.moaa.org/content/financial-assistance-and-scholarships,"Interest-free loans available"
Scholarships for Military Children,Defense Commissary Agency,"$2,000",February 21,"Dependents of active-duty, reserve, retired",All Branches,Undergraduate,Merit-based,No,militaryscholar@scholarshipmanagers.com,https://www.militaryscholar.org,"Commissary-based program"
AFCEA STEM Majors Scholarship,AFCEA,"$5,000",April 15,"Veterans pursuing STEM degrees",All Branches,Undergraduate/Graduate,Merit-based,No,scholarships@afcea.org,https://www.afcea.org/scholarships,"STEM fields only"
EOD Warrior Foundation Scholarship,EOD Warrior Foundation,"$5,000",March 15,"EOD technicians and families",All Branches,Undergraduate/Graduate,Need-based,Yes,info@eodwarriorfoundation.org,https://www.eodwarriorfoundation.org,"Explosive Ordnance Disposal focus"
Special Operations Warrior Foundation Scholarship,SOWF,"Full Tuition",Rolling,"Children of fallen special operations personnel",All Branches,Undergraduate,Need-based,Yes,warrior@specialops.org,https://www.specialops.org,"Full tuition and expenses"
Folds of Honor Scholarship,Folds of Honor,"$5,000",March 31,"Spouses and children of fallen, disabled service members",All Branches,Undergraduate,Need-based,Yes,scholarships@foldsofhonor.org,https://www.foldsofhonor.org,"Financial need required"
Horatio Alger Military Veterans Scholarship,Horatio Alger Association,"$25,000",March 15,"Veterans enrolled full-time",All Branches,Undergraduate,Need-based,No,scholars@horatioalger.org,https://www.horatioalger.org,"Critical financial need"
Cohen Veterans Network Mental Health Scholarship,Cohen Veterans Network,"$5,000",May 1,"Veterans pursuing mental health degrees",All Branches,Graduate,Merit-based,No,info@cohenveteransnetwork.org,https://www.cohenveteransnetwork.org,"Mental health field focus"
Military Order of the Purple Heart Scholarship,MOPH,"$3,000",February 15,"Purple Heart recipients and descendants",All Branches,Undergraduate,Merit-based,Yes,scholarship@purpleheart.org,https://www.purpleheart.org,"Combat wounded priority"
Iraq and Afghanistan Veterans of America Scholarship,IAVA,"$2,500",April 1,"Post-9/11 veterans",All Branches,Undergraduate/Graduate,Merit-based,No,info@iava.org,https://www.iava.org,"IAVA membership required"
Veterans of Foreign Wars Voice of Democracy,VFW,"$30,000",October 31,"High school students (essay/audio contest)",All Branches,Undergraduate,Merit-based,No,info@vfw.org,https://www.vfw.org/community/youth-and-education,"Audio essay competition"
Elks National Foundation Veterans Scholarship,Elks National Foundation,"$4,000",December 31,"Honorably discharged veterans",All Branches,Undergraduate,Merit-based,No,scholarship@elks.org,https://www.elks.org/scholars,"Elks sponsorship helpful"
Daughters of the American Revolution Veterans Scholarship,DAR,"$5,000",February 15,"Veterans and dependents",All Branches,Undergraduate,Merit-based,No,nsdarscholarships@dar.org,https://www.dar.org/national-society/scholarships,"Must be DAR sponsored"
Army Nurse Corps Association Scholarship,ANCA,"$3,000",March 31,"Nursing students with Army connection",Army,Undergraduate/Graduate,Merit-based,No,education@e-anca.org,https://www.e-anca.org,"Nursing majors only"
Naval Helicopter Association Scholarship,NHA,"$3,000",January 31,"Naval helicopter community members, dependents",Navy,Undergraduate,Merit-based,Yes,nhascholarships@gmail.com,https://www.nha.org,"Rotary-wing focus"
Air Force Sergeants Association Scholarship,AFSA,"$3,000",March 31,"AFSA members, spouses, dependents",Air Force,Undergraduate/Graduate,Merit-based,Yes,staff@hqafsa.org,https://www.hqafsa.org,"AFSA membership required"
Chief Petty Officer Scholarship Fund,CPOSF,"$2,500",April 1,"Dependents of CPOs",Navy,Undergraduate,Merit-based,No,cposcholarship@gmail.com,https://www.cposf.org,"Chief Petty Officer families"
Military Intelligence Corps Association Scholarship,MICA,"$2,000",June 1,"Military Intelligence veterans, dependents",Army,Undergraduate/Graduate,Merit-based,No,mica@justpro.net,https://www.micorps.org,"Intelligence field focus"
Paralyzed Veterans of America Scholarship,PVA,"$1,000",June 1,"PVA members and families",All Branches,Undergraduate/Graduate,Need-based,No,info@pva.org,https://www.pva.org,"Spinal cord injury veterans"
Women Marines Association Scholarship,WMA,"$3,000",March 1,"Women Marines and descendants",Marine Corps,Undergraduate/Graduate,Merit-based,No,wma@womenmarines.org,https://www.womenmarines.org,"Women Marine focus"
Military Order of World Wars Scholarship,MOWW,"$3,000",March 1,"Descendants of military officers",All Branches,Undergraduate,Merit-based,No,chiefofstaff@moww.org,https://www.moww.org,"Officer lineage required"
National Military Family Association Spouse Scholarship,NMFA,"$1,000",January 31,"Military spouses pursuing education",All Branches,Undergraduate/Graduate/Certification,Need-based,No,scholarships@militaryfamily.org,https://www.militaryfamily.org,"Spouse focus"
Returning Heroes Home Scholarship,Returning Heroes Home,"$2,500",April 15,"Veterans with PTSD, TBI",All Branches,Undergraduate/Graduate,Need-based,No,info@returningheroeshome.org,https://www.returningheroeshome.org,"Mental health support"
Semper Fi Fund Scholarship,Semper Fi & America's Fund,"$5,000",Rolling,"Post-9/11 wounded, critically ill, injured service members",All Branches,Undergraduate/Graduate,Need-based,Yes,info@semperfifund.org,https://www.semperfifund.org,"Wounded warrior focus"
Blue Star Families Scholarship,Blue Star Families,"$2,500",March 31,"Military families facing transition",All Branches,Undergraduate,Need-based,No,info@bluestarfam.org,https://www.bluestarfam.org,"Transitioning families"
NGAUS Educational Foundation Scholarship,National Guard Association,"$2,000",March 1,"National Guard members and dependents",National Guard,Undergraduate,Merit-based,No,ngaus@ngaus.org,https://www.ngaus.org,"Guard members priority"
Enlisted Association National Guard Scholarship,EANGUS,"$2,000",April 1,"Enlisted Guard members, dependents",National Guard,Undergraduate,Merit-based,No,eangus@eangus.org,https://www.eangus.org,"Enlisted Guard focus"
Reserve Officers Association Scholarship,ROA,"$1,500",May 15,"Reserve, Guard officers and dependents",Reserve/Guard,Undergraduate/Graduate,Merit-based,No,scholarship@roa.org,https://www.roa.org,"Reserve component focus"
Navy League Foundation Scholarship,Navy League,"$5,000",March 1,"Sea service members and dependents",Navy/Marine Corps/Coast Guard,Undergraduate,Merit-based,Yes,scholarships@navyleague.org,https://www.navyleague.org,"Sea services focus"
Military Child Education Coalition Scholarship,MCEC,"$2,000",February 1,"Military children facing challenges",All Branches,Undergraduate,Need-based,No,info@militarychild.org,https://www.militarychild.org,"Military-connected youth"
Second Marine Division Association Scholarship,2nd Marine Division Association,"$1,500",April 1,"2nd MARDIV Marines and descendants",Marine Corps,Undergraduate,Merit-based,No,scholarship@2ndmardiv.org,https://www.2ndmardiv.com,"2nd Marine Division affiliation"
1st Cavalry Division Association Scholarship,1st Cavalry Division Association,"$2,500",June 15,"1st CAV troopers and families",Army,Undergraduate,Merit-based,No,firstcav@1cda.org,https://www.1cda.org,"1st Cavalry affiliation"
82nd Airborne Division Association Scholarship,82nd Airborne Association,"$2,000",April 1,"82nd Airborne members, dependents",Army,Undergraduate,Merit-based,No,info@82ndairborneassociation.org,https://www.82ndairborneassociation.org,"Airborne qualification"
101st Airborne Division Association Scholarship,101st Airborne Association,"$2,500",May 1,"101st Airborne members, families",Army,Undergraduate,Merit-based,No,scholarship@screamineagle.org,https://www.screamineagle.org,"Screaming Eagles affiliation"
American Veterans (AMVET) Memorial Scholarship,AMVETS,"$4,000",April 15,"Veterans, active-duty, dependents",All Branches,Undergraduate/Graduate,Merit-based,No,scholarships@amvets.org,https://www.amvets.org,"Strong academics required"
Blinded Veterans Association Scholarship,BVA,"$2,000",April 14,"Legally blind veterans and dependents",All Branches,Undergraduate/Graduate,Need-based,Yes,bva@bva.org,https://www.bva.org,"Vision impairment required"
Fleet Reserve Association Scholarship,FRA,"$5,000",April 15,"FRA members, spouses, dependents",Navy/Marine Corps/Coast Guard,Undergraduate/Graduate,Merit-based,No,scholars@fra.org,https://www.fra.org,"Sea services enlisted"
Dolphin Scholarship Foundation,Dolphin Scholarship Foundation,"$3,500",March 15,"Children of submarine force members",Navy,Undergraduate,Need-based,Yes,scholars@dolphinscholarship.org,https://www.dolphinscholarship.org,"Submarine community"
Surface Navy Association Scholarship,SNA,"$2,000",March 1,"Surface warfare community dependents",Navy,Undergraduate,Merit-based,No,scholarships@navysna.org,https://www.navysna.org,"Surface warfare focus"
Navy Supply Corps Foundation Scholarship,NSCF,"$2,500",April 1,"Supply Corps community dependents",Navy,Undergraduate,Merit-based,No,scholarship@usnscf.com,https://www.usnscf.com,"Logistics focus"
Association of the United States Army Scholarship,AUSA,"$2,000",July 1,"AUSA members and families",Army,Undergraduate,Merit-based,No,ausa-info@ausa.org,https://www.ausa.org,"AUSA membership required"
National Defense Transportation Association Scholarship,NDTA,"$3,500",March 1,"Veterans pursuing logistics degrees",All Branches,Undergraduate/Graduate,Merit-based,No,info@ndtahq.com,https://www.ndtahq.com,"Transportation/logistics focus"
Society of Military Widows Scholarship,SMW,"$2,000",March 1,"Surviving spouses of military members",All Branches,Undergraduate/Graduate,Need-based,No,info@militarywidows.org,https://www.militarywidows.org,"Widows/widowers only"
Gold Star Wives Scholarship,Gold Star Wives,"$2,500",April 1,"Surviving spouses and children",All Branches,Undergraduate,Need-based,No,info@goldstarwives.org,https://www.goldstarwives.org,"Fallen service members' families"
Tragedy Assistance Program for Survivors Scholarship,TAPS,"$5,000",March 15,"Surviving children of fallen service members",All Branches,Undergraduate,Need-based,Yes,info@taps.org,https://www.taps.org,"Grief support included"
Children of Fallen Patriots Foundation Scholarship,Fallen Patriots,"Full Tuition",Rolling,"Children of service members who died in line of duty",All Branches,Undergraduate,Need-based,Yes,info@fallenpatriots.org,https://www.fallenpatriots.org,"Covers full tuition gap"
Intrepid Fallen Heroes Fund Scholarship,Intrepid Fallen Heroes,"$5,000",May 1,"Veterans with TBI, PTSD",All Branches,Undergraduate/Graduate,Need-based,No,info@fallenheroesfund.org,https://www.fallenheroesfund.org,"Traumatic injury focus"
Hope For The Warriors Spouse Scholarship,Hope For The Warriors,"$3,000",March 1,"Military spouses facing transition",All Branches,Undergraduate/Graduate/Certification,Need-based,No,hope@hopeforthewarriors.org,https://www.hopeforthewarriors.org,"Spouse career development"
Student Veterans of America Scholarship,SVA,"$2,000",February 15,"Student veteran chapter members",All Branches,Undergraduate/Graduate,Merit-based,No,info@studentveterans.org,https://www.studentveterans.org,"SVA chapter membership"
Veterans United Foundation Scholarship,Veterans United Foundation,"$2,500",April 30,"Veterans pursuing homeownership-related education",All Branches,Undergraduate/Graduate,Merit-based,No,foundation@vu.com,https://www.veteransunitedfoundation.org,"Real estate, finance focus"
American Corporate Partners Veterans Scholarship,ACP,"$2,000",March 31,"Veterans in ACP mentorship program",All Branches,Undergraduate/Graduate,Merit-based,No,info@acp-usa.org,https://www.acp-usa.org,"Mentorship participation required"
Team Red, White & Blue Scholarship,Team RWB,"$1,500",May 15,"Team RWB members",All Branches,Undergraduate/Graduate,Merit-based,No,info@teamrwb.org,https://www.teamrwb.org,"Community involvement focus"
The Mission Continues Fellowship Grant,The Mission Continues,"$3,500",Rolling,"Veterans committed to service",All Branches,Fellowship,Service-based,No,info@missioncontinues.org,https://www.missioncontinues.org,"Service fellowship program"
Hiring Our Heroes Spouse Fellowship,U.S. Chamber of Commerce,"$5,000",Quarterly,"Military spouses seeking career development",All Branches,Professional Development,Need-based,No,hoh@uschamber.com,https://www.hiringourheroes.org,"Spouse employment focus"
Boot Campaign Scholarship,Boot Campaign,"$5,000",April 1,"Veterans and families affected by service",All Branches,Undergraduate/Graduate,Need-based,No,info@bootcampaign.org,https://www.bootcampaign.org,"Holistic wellness support"
Gary Sinise Foundation Scholarship,Gary Sinise Foundation,"$5,000",March 15,"Children of fallen, disabled first responders, service members",All Branches,Undergraduate,Need-based,Yes,scholars@garysinisefoundation.org,https://www.garysinisefoundation.org,"First responders included"
Bob Woodruff Foundation Veterans Scholarship,Bob Woodruff Foundation,"$2,500",May 1,"Post-9/11 veterans",All Branches,Undergraduate/Graduate,Need-based,No,info@bobwoodrufffoundation.org,https://www.bobwoodrufffoundation.org,"TBI/PTSD awareness"
Wounded Warrior Project Scholarship,WWP,"$5,000",March 31,"WWP alumni with service-connected injuries",All Branches,Undergraduate/Graduate/Certification,Need-based,No,scholarships@woundedwarriorproject.org,https://www.woundedwarriorproject.org,"Wounded warrior priority"
Army Emergency Relief Stateside Spouse Education Assistance,AER,"$2,500",March 1,"Spouses of active-duty Army",Army,Undergraduate/Graduate,Need-based,No,aer@aerhq.org,https://www.armyerelief.org,"Spouse education focus"
Air Force Enlisted Village Scholarship,AFEV,"$2,000",April 1,"Surviving spouses, widows of Air Force enlisted",Air Force,Undergraduate,Need-based,No,info@afenlistedwidows.org,https://www.afenlistedwidows.org,"Enlisted Air Force widows"
Navy-Marine Corps Relief Society Gold Star Scholarship,NMCRS,"$5,000",March 1,"Children of deceased Navy, Marine Corps members",Navy/Marine Corps,Undergraduate,Need-based,Yes,goldstar@nmcrs.org,https://www.nmcrs.org,"Gold Star families"
Military Chaplains Association Scholarship,MCA,"$1,500",April 15,"Children of military chaplains, religious support personnel",All Branches,Undergraduate,Merit-based,No,info@mca-usa.org,https://www.mca-usa.org,"Chaplain families"
Navy Wives Clubs of America Scholarship,NWCA,"$1,500",May 31,"Dependents of Navy members",Navy,Undergraduate,Merit-based,No,nwca@navywivesclubsofamerica.org,https://www.navywivesclubsofamerica.org,"Navy family focus"
Army Aviation Association Scholarship,AAAA,"$2,000",May 1,"Army aviation community members, dependents",Army,Undergraduate,Merit-based,No,aaaa@quad-a.org,https://www.quad-a.org,"Aviation focus"
Air Commando Association Scholarship,ACA,"$2,500",March 15,"Special operations airmen and families",Air Force,Undergraduate,Merit-based,No,info@aircommando.org,https://www.aircommando.org,"Air Force special operations"
Military Officers Association of America Loan Program,MOAA,"$4,000",Rolling,"Children of MOAA members",All Branches,Undergraduate,Loan,No,msc@moaa.org,https://www.moaa.org,"Interest-free education loan"
Women in Defense HORIZONS Scholarship,Women In Defense,"$3,000",July 1,"Women pursuing national security careers",All Branches,Undergraduate/Graduate,Merit-based,No,wid@ndia.org,https://www.womenindefense.net,"National security field"
National Association for Black Veterans Scholarship,NABV,"$2,000",March 31,"African American veterans and dependents",All Branches,Undergraduate,Merit-based,No,nabv1@yahoo.com,https://www.nabvets.org,"Minority veteran focus"
American GI Forum Scholarship,AGIF,"$1,500",April 1,"Hispanic veterans and dependents",All Branches,Undergraduate,Merit-based,No,agif@agif.us,https://www.agif.us,"Hispanic veteran community"
Jewish War Veterans National Scholarship,JWV,"$2,500",May 1,"Jewish veterans and descendants",All Branches,Undergraduate,Merit-based,No,jwv@jwv.org,https://www.jwv.org,"Jewish veteran community"
Military.com Scholarship,Military.com,"$2,000",Quarterly,"Active-duty, veterans, dependents",All Branches,Undergraduate/Graduate,Random Drawing,No,scholarships@military.com,https://www.military.com/scholarship,"Quarterly drawing"
AFCEA War Veterans Scholarship,AFCEA,"$2,500",May 1,"Afghanistan, Iraq war veterans in STEM",All Branches,Undergraduate,Merit-based,No,scholarships@afcea.org,https://www.afcea.org,"STEM degrees, war veterans"
ThanksUSA Scholarship,ThanksUSA,"$3,000",May 15,"Children, spouses of active-duty, veterans",All Branches,Undergraduate/Graduate,Need-based,No,scholarships@thanksusa.org,https://www.thanksusa.org,"Broad eligibility"
SkillBridge Scholarship Program,Various Employers,"Varies",Rolling,"Transitioning service members in SkillBridge",All Branches,Certification/Training,Employer-based,No,contact varies,https://www.dodskillbridge.com,"Employment training"
Logistics Officers Association Scholarship,LOA,"$1,500",April 1,"Logistics field veterans, dependents",All Branches,Undergraduate,Merit-based,No,loa.national@gmail.com,https://www.logisticsofficers.org,"Logistics focus"
Daedalian Foundation Scholarship,Daedalians,"$7,500",January 31,"Pursuing military pilot training",All Branches,Undergraduate,Merit-based,No,scholarship@daedalians.org,https://www.daedalians.org,"Future military pilots"
Wings Over America Scholarship,Wings Over America,"$3,000",March 1,"Naval aviation community dependents",Navy,Undergraduate,Merit-based,No,scholarship@wingsoveramerica.us,https://www.wingsoveramerica.us,"Naval aviation focus"
Military Order of the Stars and Bars Scholarship,MOSB,"$1,500",March 1,"Descendants of Confederate officers (historical society)",All Branches,Undergraduate,Merit-based,No,mosb@militaryorderofthestarsandbars.org,https://www.militaryorderofthestarsandbars.org,"Historical lineage"
Anchor Scholarship Foundation,Anchor Scholarship Foundation,"$2,000",March 15,"Children of Navy surface warfare officers",Navy,Undergraduate,Merit-based,No,admin@anchorscholarship.com,https://www.anchorscholarship.com,"Surface warfare officer children"
Naval Special Warfare Foundation Scholarship,NSWF,"$5,000",March 31,"NSW community members and families",Navy,Undergraduate,Merit-based,No,info@nswfoundation.org,https://www.nswfoundation.org,"SEAL/SWCC community"
Army Ranger Lead The Way Fund Scholarship,LTWF,"$5,000",March 1,"Rangers and families",Army,Undergraduate,Need-based,Yes,info@leadthewayfund.org,https://www.leadthewayfund.org,"75th Ranger Regiment"
Green Beret Foundation Scholarship,GBF,"$5,000",April 1,"Special Forces and families",Army,Undergraduate/Graduate,Need-based,No,info@greenberetfoundation.org,https://www.greenberetfoundation.org,"Army Special Forces"
Air Force Village Charitable Foundation,AFVCF,"$1,000",May 1,"Surviving spouses of Air Force members",Air Force,Undergraduate,Need-based,No,foundation@afv.us,https://www.afvillages.com,"Air Force widows/widowers"
Fleet Reserve Association Women's Scholarship,FRA Auxiliary,"$2,500",April 15,"Women in sea services and dependents",Navy/Marine Corps/Coast Guard,Undergraduate,Merit-based,No,scholars@fra.org,https://www.fra.org,"Women in sea services"
National Defense Industrial Association Scholarship,NDIA,"$3,000",March 1,"NDIA members and children pursuing defense careers",All Branches,Undergraduate/Graduate,Merit-based,No,info@ndia.org,https://www.ndia.org,"Defense industry focus"
Vietnam Veterans of America Scholarship,VVA,"$4,000",May 31,"Vietnam veterans and descendants",All Branches,Undergraduate,Merit-based,No,vva@vva.org,https://www.vva.org,"Vietnam era focus"
Korean War Veterans Association Scholarship,KWVA,"$2,500",March 15,"Korean War veterans and descendants",All Branches,Undergraduate,Merit-based,No,kwva@kwva.us,https://www.kwva.us,"Korean War era"
Pearl Harbor Survivors Association Scholarship,PHSA,"$2,000",February 1,"Descendants of Pearl Harbor survivors",All Branches,Undergraduate,Merit-based,No,phsa@pearlharborsurvivor.org,https://www.pearlharbor.org,"World War II focus"
Battleship New Jersey Scholarship,Battleship New Jersey,"$1,500",April 1,"New Jersey residents with military connection",All Branches,Undergraduate,Merit-based,No,education@battleshipnewjersey.org,https://www.battleshipnewjersey.org,"New Jersey residents"
USS Midway Foundation Scholarship,USS Midway Museum,"$2,000",March 31,"San Diego County students with military connection",All Branches,Undergraduate,Merit-based,No,education@midway.org,https://www.midway.org,"San Diego area"
Intrepid Sea, Air & Space Museum Scholarship,Intrepid Museum,"$2,500",April 15,"NYC area students with military connection",All Branches,Undergraduate,Merit-based,No,education@intrepidmuseum.org,https://www.intrepidmuseum.org,"New York area"
National WWII Museum Student Scholarship,WWII Museum,"$2,000",March 1,"Students researching WWII topics",All Branches,Undergraduate/Graduate,Research-based,No,education@nationalww2museum.org,https://www.nationalww2museum.org,"History research focus"
Disabled American Veterans Auxiliary Scholarship,DAV Auxiliary,"$2,000",March 15,"DAV members and families",All Branches,Undergraduate,Merit-based,No,davaux@dav.org,https://www.dav.org/auxiliary,"DAV membership required"
Military Order of the Cootie Scholarship,MOC,"$1,500",April 1,"VFW Cootie members and families",All Branches,Undergraduate,Merit-based,No,moc@vfw.org,https://www.lotcs.org,"VFW auxiliary"
Ladies Auxiliary VFW Scholarship,VFW Auxiliary,"$2,500",March 31,"VFW and Auxiliary members, dependents",All Branches,Undergraduate,Merit-based,No,info@vfwauxiliary.org,https://www.vfwauxiliary.org,"VFW membership helpful"
SAR Veterans Award,Sons of the American Revolution,"$2,000",February 15,"Veterans pursuing further education",All Branches,Undergraduate/Graduate,Merit-based,No,sar@sar.org,https://www.sar.org,"Patriotic focus"
Navy Federal Credit Union Scholarship,Navy Federal,"$2,500",February 15,"Navy Federal members and families",All Branches,Undergraduate,Merit-based,No,scholarship@navyfederal.org,https://www.navyfederal.org,"Membership required"
USAA Scholarship,USAA,"$5,000",February 28,"Children of USAA members",All Branches,Undergraduate,Merit-based,No,scholarships@usaa.com,https://www.usaa.com/scholarships,"USAA membership required"
Gen. Henry Shelton Leadership Scholarship,Special Operations Association,"$2,500",May 1,"Special operations veterans, descendants",All Branches,Undergraduate,Merit-based,No,info@specialoperations.org,https://www.specialoperations.org,"SOF community"
Air Force Association Scholarship,AFA,"$5,000",April 30,"AFA members, dependents",Air Force,Undergraduate,Merit-based,No,scholars@afa.org,https://www.afa.org,"Air Force focus"
Naval Sea Cadet Corps Scholarship,Navy League,"$2,000",May 1,"Sea Cadet program members",All Branches,Undergraduate,Merit-based,No,seacadets@seacadets.org,https://www.seacadets.org,"Youth program participants"
Young Marines Scholarship,Young Marines,"$1,500",April 1,"Young Marines program members",All Branches,Undergraduate,Merit-based,No,info@youngmarines.com,https://www.youngmarines.com,"Youth program participants"
Civil Air Patrol Cadet Scholarship,Civil Air Patrol,"$7,500",February 1,"CAP cadets pursuing aviation",Air Force,Undergraduate,Merit-based,No,cpr@capnhq.gov,https://www.gocivilairpatrol.com,"CAP membership required"
U.S. Naval Institute Scholarship,USNI,"$3,000",March 1,"Naval service members and families",Navy/Marine Corps/Coast Guard,Undergraduate/Graduate,Merit-based,No,scholarships@usni.org,https://www.usni.org,"Sea services focus"
Naval Enlisted Reserve Association Scholarship,NERA,"$2,000",June 30,"Navy Reserve members and families",Navy,Undergraduate,Merit-based,No,members@nera.org,https://www.nera.org,"Navy Reserve focus"
Marine Corps Reserve Association Scholarship,MCRA,"$1,500",July 1,"Marine Reserve members and families",Marine Corps,Undergraduate,Merit-based,No,mcrainc@aol.com,https://www.usmcra.org,"Marine Reserve focus"
Air Force Reserve Officers Association Scholarship,AFROA,"$2,000",May 1,"Air Force Reserve members, families",Air Force,Undergraduate,Merit-based,No,afroa@afroa.org,https://www.afroa.org,"Air Force Reserve focus"
National Guard Association of Texas Scholarship,NGAT,"$1,500",March 1,"Texas National Guard members, families",National Guard,Undergraduate,Merit-based,No,info@ngat.org,https://www.ngat.org,"Texas Guard members"
California National Guard Foundation Scholarship,CNGF,"$2,000",April 1,"California Guard members and families",National Guard,Undergraduate,Merit-based,No,info@cngfdn.org,https://www.cngfdn.org,"California Guard focus"
New York State Division of Veterans Services Scholarship,NYS DVS,"$1,000",May 1,"New York veterans and dependents",All Branches,Undergraduate,Merit-based,No,dvsinfo@veterans.ny.gov,https://www.veterans.ny.gov,"New York residents"
Texas Veterans Commission Scholarship,TVC,"$1,200",March 31,"Texas veterans and dependents",All Branches,Undergraduate,Merit-based,No,info@tvc.texas.gov,https://www.tvc.texas.gov,"Texas residents"
Florida Department of Veterans Affairs Scholarship,FDVA,"$1,500",April 15,"Florida veterans and dependents",All Branches,Undergraduate,Merit-based,No,fdva@fdva.state.fl.us,https://www.floridavets.org,"Florida residents"
Virginia Department of Veterans Services Scholarship,VDVS,"$1,000",May 1,"Virginia veterans and dependents",All Branches,Undergraduate,Merit-based,No,vavet@dvs.virginia.gov,https://www.dvs.virginia.gov,"Virginia residents"
Ohio Department of Veterans Services Scholarship,ODVS,"$1,500",March 31,"Ohio veterans and dependents",All Branches,Undergraduate,Merit-based,No,odvs@dvs.ohio.gov,https://www.dvs.ohio.gov,"Ohio residents"
Pennsylvania Department of Military and Veterans Affairs Scholarship,PA DMVA,"$1,200",April 30,"Pennsylvania veterans and dependents",All Branches,Undergraduate,Merit-based,No,ra-dmvaweb@pa.gov,https://www.dmva.pa.gov,"Pennsylvania residents"
North Carolina Division of Veterans Affairs Scholarship,NC DVA,"$1,000",May 15,"North Carolina veterans and dependents",All Branches,Undergraduate,Merit-based,No,ncdva@ncdva.nc.gov,https://www.milvets.nc.gov,"North Carolina residents"
Georgia Department of Veterans Service Scholarship,GDVS,"$1,500",April 1,"Georgia veterans and dependents",All Branches,Undergraduate,Merit-based,No,gdvs@vs.state.ga.us,https://www.vs.state.ga.us,"Georgia residents"
Arizona Department of Veterans Services Scholarship,ADVS,"$1,000",March 31,"Arizona veterans and dependents",All Branches,Undergraduate,Merit-based,No,azdvs@azdvs.gov,https://www.azdvs.gov,"Arizona residents"
Michigan Veterans Affairs Agency Scholarship,MVAA,"$1,200",May 1,"Michigan veterans and dependents",All Branches,Undergraduate,Merit-based,No,mvaa@michigan.gov,https://www.michigan.gov/mvaa,"Michigan residents"
Washington Department of Veterans Affairs Scholarship,WDVA,"$1,500",April 15,"Washington veterans and dependents",All Branches,Undergraduate,Merit-based,No,wdva@dva.wa.gov,https://www.dva.wa.gov,"Washington residents"
Colorado Division of Veterans Affairs Scholarship,CDVA,"$1,000",March 31,"Colorado veterans and dependents",All Branches,Undergraduate,Merit-based,No,cdva@dmva.state.co.us,https://www.colorado.gov/dmva,"Colorado residents"
Oregon Department of Veterans Affairs Scholarship,ODVA,"$1,200",April 30,"Oregon veterans and dependents",All Branches,Undergraduate,Merit-based,No,odva.info@odva.state.or.us,https://www.oregon.gov/odva,"Oregon residents"
Tennessee Department of Veterans Services Scholarship,TDVS,"$1,000",May 15,"Tennessee veterans and dependents",All Branches,Undergraduate,Merit-based,No,tn.veterans@tn.gov,https://www.tn.gov/veteran,"Tennessee residents"
Indiana Department of Veterans Affairs Scholarship,IDVA,"$1,500",March 31,"Indiana veterans and dependents",All Branches,Undergraduate,Merit-based,No,idva@idva.in.gov,https://www.in.gov/dva,"Indiana residents"
Wisconsin Department of Veterans Affairs Scholarship,WDVA,"$1,200",April 1,"Wisconsin veterans and dependents",All Branches,Undergraduate,Merit-based,No,wdva@dva.wisconsin.gov,https://www.dva.wisconsin.gov,"Wisconsin residents"
Minnesota Department of Veterans Affairs Scholarship,MDVA,"$1,000",May 1,"Minnesota veterans and dependents",All Branches,Undergraduate,Merit-based,No,mdva@state.mn.us,https://www.mn.gov/mdva,"Minnesota residents"
Alabama Department of Veterans Affairs Scholarship,ADVA,"$1,500",March 31,"Alabama veterans and dependents",All Branches,Undergraduate,Merit-based,No,adva@va.alabama.gov,https://www.va.alabama.gov,"Alabama residents"
South Carolina Division of Veterans Affairs Scholarship,SCDVA,"$1,000",April 15,"South Carolina veterans and dependents",All Branches,Undergraduate,Merit-based,No,scdva@admin.sc.gov,https://www.govstatus.egov.com/scdva,"South Carolina residents"
Kentucky Department of Veterans Affairs Scholarship,KDVA,"$1,200",May 1,"Kentucky veterans and dependents",All Branches,Undergraduate,Merit-based,No,kdva@ky.gov,https://www.veterans.ky.gov,"Kentucky residents"
Louisiana Department of Veterans Affairs Scholarship,LDVA,"$1,000",March 31,"Louisiana veterans and dependents",All Branches,Undergraduate,Merit-based,No,ldva@vetaffairs.la.gov,https://www.vetaffairs.la.gov,"Louisiana residents"
Mississippi Veterans Affairs Board Scholarship,MVAB,"$1,500",April 1,"Mississippi veterans and dependents",All Branches,Undergraduate,Merit-based,No,mvab@vab.ms.gov,https://www.vab.ms.gov,"Mississippi residents"
Arkansas Department of Veterans Affairs Scholarship,ADVA,"$1,000",May 15,"Arkansas veterans and dependents",All Branches,Undergraduate,Merit-based,No,adva@arkansas.gov,https://www.veterans.arkansas.gov,"Arkansas residents"
Missouri Veterans Commission Scholarship,MVC,"$1,200",April 30,"Missouri veterans and dependents",All Branches,Undergraduate,Merit-based,No,mvc@mvc.dps.mo.gov,https://www.mvc.dps.mo.gov,"Missouri residents"
Oklahoma Department of Veterans Affairs Scholarship,ODVA,"$1,500",March 31,"Oklahoma veterans and dependents",All Branches,Undergraduate,Merit-based,No,odva@odva.ok.gov,https://www.ok.gov/veterans,"Oklahoma residents"
Kansas Commission on Veterans Affairs Scholarship,KCVA,"$1,000",April 1,"Kansas veterans and dependents",All Branches,Undergraduate,Merit-based,No,kcva@kcva.ks.gov,https://www.kcva.ks.gov,"Kansas residents"
Nebraska Department of Veterans Affairs Scholarship,NDVA,"$1,200",May 1,"Nebraska veterans and dependents",All Branches,Undergraduate,Merit-based,No,ndva@veterans.nebraska.gov,https://www.veterans.nebraska.gov,"Nebraska residents"
Iowa Department of Veterans Affairs Scholarship,IDVA,"$1,500",March 31,"Iowa veterans and dependents",All Branches,Undergraduate,Merit-based,No,idva@iowa.gov,https://www.iowava.org,"Iowa residents"
Illinois Department of Veterans Affairs Scholarship,IDVA,"$1,000",April 15,"Illinois veterans and dependents",All Branches,Undergraduate,Merit-based,No,idva@illinois.gov,https://www.illinois.gov/veterans,"Illinois residents"
Massachusetts Department of Veterans Services Scholarship,Mass DVS,"$1,200",May 1,"Massachusetts veterans and dependents",All Branches,Undergraduate,Merit-based,No,massdvs@mass.gov,https://www.mass.gov/veterans,"Massachusetts residents"
Connecticut Department of Veterans Affairs Scholarship,CT DVA,"$1,500",March 31,"Connecticut veterans and dependents",All Branches,Undergraduate,Merit-based,No,ctdva@ct.gov,https://www.ct.gov/ctva,"Connecticut residents"
New Jersey Department of Military and Veterans Affairs Scholarship,NJ DMAVA,"$1,000",April 1,"New Jersey veterans and dependents",All Branches,Undergraduate,Merit-based,No,njdmava@njdmava.state.nj.us,https://www.state.nj.us/military,"New Jersey residents"
Maryland Department of Veterans Affairs Scholarship,MDVA,"$1,200",May 15,"Maryland veterans and dependents",All Branches,Undergraduate,Merit-based,No,mdva@maryland.gov,https://www.veterans.maryland.gov,"Maryland residents"
Delaware Commission of Veterans Affairs Scholarship,DCVA,"$1,500",March 31,"Delaware veterans and dependents",All Branches,Undergraduate,Merit-based,No,dcva@delaware.gov,https://www.veteransaffairs.delaware.gov,"Delaware residents"
West Virginia Department of Veterans Assistance Scholarship,WV DVA,"$1,000",April 15,"West Virginia veterans and dependents",All Branches,Undergraduate,Merit-based,No,wvdva@wv.gov,https://www.veterans.wv.gov,"West Virginia residents"
Nevada Department of Veterans Services Scholarship,NDVS,"$1,200",May 1,"Nevada veterans and dependents",All Branches,Undergraduate,Merit-based,No,ndvs@veterans.nv.gov,https://www.veterans.nv.gov,"Nevada residents"
New Mexico Department of Veterans Services Scholarship,NMDVS,"$1,500",March 31,"New Mexico veterans and dependents",All Branches,Undergraduate,Merit-based,No,nmdvs@state.nm.us,https://www.nmdvs.org,"New Mexico residents"
Utah Department of Veterans and Military Affairs Scholarship,UDVMA,"$1,000",April 1,"Utah veterans and dependents",All Branches,Undergraduate,Merit-based,No,udvma@utah.gov,https://www.veterans.utah.gov,"Utah residents"
Idaho Division of Veterans Services Scholarship,IDVS,"$1,200",May 15,"Idaho veterans and dependents",All Branches,Undergraduate,Merit-based,No,idvs@veterans.idaho.gov,https://www.veterans.idaho.gov,"Idaho residents"
Montana Veterans Affairs Division Scholarship,MVAD,"$1,500",March 31,"Montana veterans and dependents",All Branches,Undergraduate,Merit-based,No,mvad@mt.gov,https://www.montanaveterans.mt.gov,"Montana residents"
Wyoming Veterans Commission Scholarship,WVC,"$1,000",April 15,"Wyoming veterans and dependents",All Branches,Undergraduate,Merit-based,No,wvc@wyo.gov,https://www.wyomilitary.wyo.gov/veterans-commission,"Wyoming residents"
North Dakota Department of Veterans Affairs Scholarship,NDDVA,"$1,200",May 1,"North Dakota veterans and dependents",All Branches,Undergraduate,Merit-based,No,nddva@nd.gov,https://www.nd.gov/veterans,"North Dakota residents"
South Dakota Department of Veterans Affairs Scholarship,SDDVA,"$1,500",March 31,"South Dakota veterans and dependents",All Branches,Undergraduate,Merit-based,No,sddva@state.sd.us,https://www.vetaffairs.sd.gov,"South Dakota residents"
Alaska Department of Military and Veterans Affairs Scholarship,AK DMVA,"$1,000",April 1,"Alaska veterans and dependents",All Branches,Undergraduate,Merit-based,No,akdmva@alaska.gov,https://www.veterans.alaska.gov,"Alaska residents"
Hawaii Department of Defense Office of Veterans Services Scholarship,HI OVS,"$1,200",May 15,"Hawaii veterans and dependents",All Branches,Undergraduate,Merit-based,No,ovs@hawaii.gov,https://www.dod.hawaii.gov/ovs,"Hawaii residents"
Xerox Technical Minority Scholarship,Xerox,"$10,000",September 30,"Veterans in technical fields (STEM)",All Branches,Undergraduate/Graduate,Merit-based,Yes,xtms@alliance.com,https://www.xerox.com/jobs/minority-scholarships,"Minority STEM students"
Microsoft Military Affairs Scholarship,Microsoft,"$5,000",March 1,"Veterans pursuing computer science",All Branches,Undergraduate/Graduate,Merit-based,No,military@microsoft.com,https://www.microsoft.com/military,"Tech field focus"
Amazon Military Spouse Technical Scholarship,Amazon,"$8,000",April 1,"Military spouses pursuing tech degrees",All Branches,Undergraduate/Graduate/Bootcamp,Merit-based,No,militarytalent@amazon.com,https://www.amazoncareerchoice.com,"Cloud computing, software development"
Google Veterans and Families Scholarship,Google,"$10,000",February 15,"Veterans, spouses pursuing computer science",All Branches,Undergraduate/Graduate,Merit-based,No,veterans@google.com,https://www.google.com/veterans,"Computer science focus"
Adobe Digital Academy Scholarship,Adobe,"Full Tuition",Rolling,"Veterans pursuing web development bootcamp",All Branches,Bootcamp,Merit-based,No,veterans@adobe.com,https://www.adobe.com/careers/veterans,"Full bootcamp tuition"
Salesforce Military Trailblazer Scholarship,Salesforce,"$5,000",March 15,"Veterans pursuing technology certifications",All Branches,Certification,Merit-based,No,military@salesforce.com,https://www.salesforce.com/company/careers/military,"Salesforce certification path"
Lockheed Martin STEM Scholarship,Lockheed Martin,"$10,000",March 31,"Veterans pursuing aerospace, engineering",All Branches,Undergraduate/Graduate,Merit-based,No,veterans@lmco.com,https://www.lockheedmartin.com/en-us/who-we-are/veterans.html,"Defense contractor focus"
Boeing Military and Veterans Affairs Scholarship,Boeing,"$7,500",April 15,"Veterans pursuing aerospace engineering",All Branches,Undergraduate/Graduate,Merit-based,No,veterans@boeing.com,https://www.boeing.com/careers/veterans,"Aerospace focus"
Raytheon Technologies Military Scholarship,Raytheon,"$10,000",March 1,"Veterans in engineering, cybersecurity",All Branches,Undergraduate/Graduate,Merit-based,No,veterans@rtx.com,https://www.rtx.com/careers/veterans,"Defense technology"
General Dynamics Veteran Scholarship,General Dynamics,"$5,000",April 30,"Veterans pursuing engineering, IT",All Branches,Undergraduate/Graduate,Merit-based,No,veterans@gd.com,https://www.gd.com/careers/veterans,"Defense industry"
Northrop Grumman Foundation Scholarship,Northrop Grumman,"$10,000",March 15,"Veterans in STEM fields",All Branches,Undergraduate/Graduate,Merit-based,No,veterans@ngc.com,https://www.northropgrumman.com/careers/veterans,"Aerospace and defense"
BAE Systems Military Scholarship,BAE Systems,"$5,000",April 1,"Veterans pursuing engineering, cybersecurity",All Branches,Undergraduate/Graduate,Merit-based,No,veterans@baesystems.com,https://www.baesystems.com/en-us/careers/careers-in-the-us/military-and-veterans,"Defense systems focus"
L3Harris Technologies Veteran Scholarship,L3Harris,"$7,500",March 31,"Veterans in engineering, technology",All Branches,Undergraduate/Graduate,Merit-based,No,veterans@l3harris.com,https://www.l3harris.com/careers/veterans,"Communications, electronics"
CACI International Veteran Scholarship,CACI,"$5,000",April 15,"Veterans in IT, intelligence, cybersecurity",All Branches,Undergraduate/Graduate,Merit-based,No,veterans@caci.com,https://www.caci.com/careers/veterans,"Intelligence and IT focus"
Booz Allen Hamilton Military Scholarship,Booz Allen Hamilton,"$8,000",March 1,"Veterans pursuing cybersecurity, data science",All Branches,Undergraduate/Graduate,Merit-based,No,veterans@bah.com,https://www.boozallen.com/careers/military.html,"Consulting and tech"
Leidos Military Affairs Scholarship,Leidos,"$6,000",April 30,"Veterans in STEM, engineering fields",All Branches,Undergraduate/Graduate,Merit-based,No,veterans@leidos.com,https://www.leidos.com/careers/military,"Defense and technology"
ManTech International Veteran Scholarship,ManTech,"$5,000",March 15,"Veterans in cybersecurity, IT, engineering",All Branches,Undergraduate/Graduate,Merit-based,No,veterans@mantech.com,https://www.mantech.com/careers/military,"National security technology"
SAIC Military Scholarship Program,SAIC,"$7,000",April 1,"Veterans pursuing technology degrees",All Branches,Undergraduate/Graduate,Merit-based,No,veterans@saic.com,https://www.saic.com/careers/military-and-veterans,"Government IT services"
General Electric Military Veteran Scholarship,General Electric,"$5,000",March 31,"Veterans pursuing engineering, manufacturing",All Branches,Undergraduate/Graduate,Merit-based,No,veterans@ge.com,https://www.ge.com/careers/veterans,"Advanced manufacturing focus"
JPMorgan Chase Military Service Scholarship,JPMorgan Chase,"$10,000",April 15,"Veterans pursuing business, finance, technology",All Branches,Undergraduate/Graduate,Merit-based,No,military@jpmchase.com,https://www.jpmorganchase.com/careers/military,"Financial services"
Bank of America Military Support Scholarship,Bank of America,"$5,000",March 1,"Veterans pursuing business, finance degrees",All Branches,Undergraduate/Graduate,Merit-based,No,military@bankofamerica.com,https://www.bankofamerica.com/careers/military-support,"Banking and finance"
Wells Fargo Veterans Scholarship,Wells Fargo,"$7,500",April 30,"Veterans pursuing business, IT degrees",All Branches,Undergraduate/Graduate,Merit-based,No,veterans@wellsfargo.com,https://www.wellsfargo.com/about/careers/military,"Financial technology"
Citigroup Military Family Scholarship,Citigroup,"$5,000",March 15,"Military families pursuing finance, business",All Branches,Undergraduate/Graduate,Merit-based,No,military@citi.com,https://www.citigroup.com/citi/about/corporate-responsibility/military.html,"Global banking focus"
Starbucks College Achievement Plan,Starbucks,"Full Tuition",Rolling,"Starbucks partners (employees) including veterans",All Branches,Undergraduate,Employment-based,Yes,veterans@starbucks.com,https://www.starbucks.com/careers/working-at-starbucks/education,"ASU Online partnership"
Walmart Military Opportunity Scholarship,Walmart,"$5,000",April 1,"Walmart associates who are veterans, families",All Branches,Undergraduate,Employment-based,No,veterans@walmart.com,https://www.walmart.com/careers/veterans,"Retail management focus"
Home Depot Foundation Skilled Trades Scholarship,Home Depot,"$10,000",March 31,"Veterans pursuing skilled trades training",All Branches,Certification/Trade School,Merit-based,No,thdf@homedepot.com,https://www.homedepotfoundation.org/,"Construction trades"
UPS Military Logistics Scholarship,UPS,"$5,000",April 15,"Veterans pursuing logistics, supply chain",All Branches,Undergraduate/Graduate,Merit-based,No,veterans@ups.com,https://www.jobs-ups.com/military,"Logistics and operations"
FedEx Military Scholarship,FedEx,"$7,500",March 1,"Veterans pursuing business, logistics degrees",All Branches,Undergraduate/Graduate,Merit-based,No,military@fedex.com,https://www.fedex.com/en-us/careers/military.html,"Transportation and logistics"
Costco Wholesale Military Scholarship,Costco,"$5,000",April 30,"Costco employees who are veterans, families",All Branches,Undergraduate,Employment-based,No,veterans@costco.com,https://www.costco.com/jobs-veterans.html,"Retail operations"
Target Military Scholarship,Target,"$5,000",March 15,"Target team members who are veterans",All Branches,Undergraduate,Employment-based,No,military@target.com,https://www.target.com/c/careers-military/-/N-nz7r6,"Career advancement"
AT&T Military Scholarship Program,AT&T,"$10,000",April 1,"Veterans pursuing technology, communications",All Branches,Undergraduate/Graduate,Merit-based,No,veterans@att.com,https://www.att.com/careers/military,"Telecommunications focus"
Verizon Military Scholarship,Verizon,"$5,000",March 31,"Veterans pursuing technology degrees",All Branches,Undergraduate/Graduate,Merit-based,No,veterans@verizon.com,https://www.verizon.com/about/careers/military,"Network technology"
Comcast NBCUniversal Military Scholarship,Comcast,"$7,500",April 15,"Veterans pursuing technology, media degrees",All Branches,Undergraduate/Graduate,Merit-based,No,veterans@comcast.com,https://www.comcastcareers.com/military,"Media and technology"
Union Pacific Railroad Military Scholarship,Union Pacific,"$5,000",March 1,"Veterans pursuing logistics, engineering",All Branches,Undergraduate/Graduate,Merit-based,No,veterans@up.com,https://www.up.com/careers/veterans,"Railroad operations"
BNSF Railway Military Scholarship,BNSF,"$5,000",April 30,"Veterans pursuing transportation, logistics",All Branches,Undergraduate/Graduate,Merit-based,No,veterans@bnsf.com,https://www.bnsf.com/careers/military,"Railway transportation"
Duke Energy Military Scholarship,Duke Energy,"$5,000",March 15,"Veterans pursuing energy, engineering degrees",All Branches,Undergraduate/Graduate,Merit-based,No,veterans@duke-energy.com,https://www.duke-energy.com/our-company/careers/military,"Energy sector"
Exelon Corporation Military Scholarship,Exelon,"$7,500",April 1,"Veterans pursuing energy, utilities degrees",All Branches,Undergraduate/Graduate,Merit-based,No,veterans@exeloncorp.com,https://www.exeloncorp.com/careers/veterans,"Utilities and energy"
Southern Company Military Scholarship,Southern Company,"$5,000",March 31,"Veterans pursuing energy sector careers",All Branches,Undergraduate/Graduate,Merit-based,No,veterans@southernco.com,https://www.southerncompany.com/careers/veterans.html,"Electric utilities"
